{
  "name": "select-multiple",
  "title": "select-multiple",
  "description": "This is an awesome user-friendlier drop-in replacement for the standard <select> with multiple attribute activated.",
  "keywords": [
    "select-multiple",
    "select",
    "multiple",
    "form"
  ],
  "version": "0.1",
  "author": {
    "name": "krazedkrish",
    "email" : "krazedkrish@gmail.com",
    "url": "https://github.com/krazedkrish"
  },
  "maintainers": [
    {
      "name": "Shalil Awaley",
      "email": "krazedkrish@gmail.com",
      "url": "https://github.com/krazedkrish"
    }
  ],
  "licenses": [
    {
      "type": "MIT",
      "url": "https://en.wikipedia.org/wiki/MIT_License"
    }
  ],
  "bugs": "https://github.com/krazedkrish/select-multiple/issues",
  "homepage": "http://select-multiple.github.io/",
  "docs": "http://select-multiple.github.io/",
  "download": "https://github.com/krazedkrish/select-multiple/archive/master.zip",
  "dependencies": {
    "jquery": ">= 1.8"
  }
}
